{"name":"UserPhonenumber","identifier":"GG6WVBKBRX","description":null,"slotTypeValues":[{"synonyms":null,"sampleValue":{"value":"+91 98765 43210"}},{"synonyms":null,"sampleValue":{"value":"(123) 456-7890"}},{"synonyms":null,"sampleValue":{"value":"+44 7911 123456"}},{"synonyms":null,"sampleValue":{"value":"+61 412 345 678"}}],"parentSlotTypeSignature":null,"valueSelectionSetting":{"resolutionStrategy":"ORIGINAL_VALUE","advancedRecognitionSetting":{"audioRecognitionStrategy":null},"regexFilter":null}}